case_id,market,case_category,case_type,business_unit,time_taken,event_frequency,is_outlier,pc1,pc2
case_1,EU,C,Type1,BU2,6.447928567362656,25,True,-1.3799692554545797,-2.5621649663852932
case_22,EU,B,Type2,BU2,5.674684936374998,9,True,1.0543590346402991,-2.2613152336189
case_61,EU,C,Type1,BU1,6.103501246474586,41,True,-3.011744369125412,-2.5322570011077836
case_68,EU,B,Type1,BU3,3.517946422950559,13,True,-0.40305723043099323,-1.4290145233141112
case_89,US,B,Type2,BU2,2.972381922782618,25,True,1.6812191635970681,-0.37007932605009286
