case_id,market,case_category,case_type,business_unit,time_taken,event_frequency,is_outlier,pc1,pc2
case_22,EU,B,Type2,BU2,5.674684936374998,9,True,1.3566902843527637,-2.075344609037538
case_68,EU,B,Type1,BU3,3.517946422950559,13,True,0.07134656560067823,-1.9865473070949087
case_73,EU,B,Type1,BU1,10.147058572803928,3,True,0.17233152205711008,-2.3064269403901827
case_76,ASIA,B,Type2,BU2,14.4856393262043,4,True,1.2283508499286517,-0.7827022304320538
case_97,US,B,Type2,BU3,11.652112449824134,5,True,-0.031685202781632095,1.0752434064752967
